,smiles,compound_set,inchi,outcome,ddG,rmsd,mol_path,to_hippo_created
0,NC(=O)C1CCCN(C(=O)c2ccc(Cl)c(C(=O)CN3CCCC3)c2)C1,x0926 merge into p1â€™,XFGYJWHIQIBJSY-UHFFFAOYSA-N,place-success,-15.324124190078805,1.0194956960573085,/opt/xchem-fragalysis-2/kfieseler/A71EV2A_run5/molecule-set-A71_2A_ryan_merges_24/XFGYJWHIQIBJSY-UHFFFAOYSA-N-base-check/base-check/base-check.minimised.mol,False
1,NC(=O)C1CCCN(C(=O)c2cccc(O)c2C(=O)NC2CC2)C1,x0926 going down p1,FLMILONKHOWECW-UHFFFAOYSA-N,place-success,-58.64358726082915,0.90455925396898,/opt/xchem-fragalysis-2/kfieseler/A71EV2A_run5/molecule-set-A71_2A_ryan_merges_24/FLMILONKHOWECW-UHFFFAOYSA-N-base-check/base-check/base-check.minimised.mol,True
2,NC(=O)C1CCCN(C(=O)c2cccc(O)c2C(=O)NCc2ccccc2)C1,x0926 going down p1,IBRVECODLZJKOD-UHFFFAOYSA-N,place-success,-44.05557452895607,0.8981227056484495,/opt/xchem-fragalysis-2/kfieseler/A71EV2A_run5/molecule-set-A71_2A_ryan_merges_24/IBRVECODLZJKOD-UHFFFAOYSA-N-base-check/base-check/base-check.minimised.mol,False
3,C[n+]1ccc(C(=O)N2CCCC(C(N)=O)C2Cl)[nH]1,X0926 and x1346,BTEBCTYBHLEZJH-UHFFFAOYSA-O,place-success,-45.3971505812097,0.9950603096834229,/opt/xchem-fragalysis-2/kfieseler/A71EV2A_run5/molecule-set-A71_2A_ryan_merges_24/BTEBCTYBHLEZJH-UHFFFAOYSA-O-base-check/base-check/base-check.minimised.mol,False
4,NC(=O)C1CCCN(C(=O)Cc2[nH]ncc2CC(=O)NC2CC2)C1,X0926 and x1346,OUZJAERXRYTSSC-UHFFFAOYSA-N,place-fail,1.3564250549210328,1.8348873597956503,/opt/xchem-fragalysis-2/kfieseler/A71EV2A_run5/molecule-set-A71_2A_ryan_merges_24/OUZJAERXRYTSSC-UHFFFAOYSA-N-base-check/base-check/base-check.minimised.mol,True
5,O=C(Cc1cn[nH]c1CC(=O)N1CCCC(C(F)(F)F)C1)NC1CC1,X0926 and x1346,QGMUJYUUQHRYMH-UHFFFAOYSA-N,place-fail,1.1978759378126256,1.1382859987539893,/opt/xchem-fragalysis-2/kfieseler/A71EV2A_run5/molecule-set-A71_2A_ryan_merges_24/QGMUJYUUQHRYMH-UHFFFAOYSA-N-base-check/base-check/base-check.minimised.mol,False
6,O=C(Cc1cn[nH]c1CC(=O)N1CCCC(C(F)(F)F)C1)NC1CC1,X0926 and x1347and x1019,QGMUJYUUQHRYMH-UHFFFAOYSA-N,place-fail,1.1978759378126256,1.1382859987539893,/opt/xchem-fragalysis-2/kfieseler/A71EV2A_run5/molecule-set-A71_2A_ryan_merges_24/QGMUJYUUQHRYMH-UHFFFAOYSA-N-base-check/base-check/base-check.minimised.mol,False
7,CC(=O)Nc1ccccc1CCS(N)(=O)=O,x0487 P2 extension,RCQABPSABHETPA-UHFFFAOYSA-N,not-found,,,,True
8,CC(=O)Nc1c(F)cncc1CCS(N)(=O)=O,x0487 P2 extension,WGWAZNAGHJOVFM-UHFFFAOYSA-N,place-success,-12.741830614625542,1.736247975449589,/opt/xchem-fragalysis-2/kfieseler/A71EV2A_run5/molecule-set-A71_2A_ryan_merges_24/WGWAZNAGHJOVFM-UHFFFAOYSA-N-base-check/base-check/base-check.minimised.mol,False
9,CC(=O)Nc1c(F)cncc1C(C)CS(N)(=O)=O,x0487 P2 extension,HTUHNYUZKHXZKD-UHFFFAOYSA-N,place-success,-53.647757735253606,1.3444547075148172,/opt/xchem-fragalysis-2/kfieseler/A71EV2A_run5/molecule-set-A71_2A_ryan_merges_24/HTUHNYUZKHXZKD-UHFFFAOYSA-N-base-check/base-check/base-check.minimised.mol,False
10,CC(=O)Nc1c(CCS(=O)(=O)Cc2ccccc2)cnnc1F,x0487 P2 extension,OIKGITNDONYCGO-UHFFFAOYSA-N,place-fail,265.63331828456035,0.6646069407065991,/opt/xchem-fragalysis-2/kfieseler/A71EV2A_run5/molecule-set-A71_2A_ryan_merges_24/OIKGITNDONYCGO-UHFFFAOYSA-N-base-check/base-check/base-check.minimised.mol,False
11,CC(=O)Nc1c(CCS(=O)(=O)Cc2ccccc2)cnnc1C,x0487 P2 extension,NHMZCBSXKMEJPX-UHFFFAOYSA-N,place-fail,377.1789864021101,0.8570433815439574,/opt/xchem-fragalysis-2/kfieseler/A71EV2A_run5/molecule-set-A71_2A_ryan_merges_24/NHMZCBSXKMEJPX-UHFFFAOYSA-N-base-check/base-check/base-check.minimised.mol,False
12,CC(=O)Nc1c(C(C)CS(=O)(=O)Cc2ccccc2)cnnc1C,x0487 P2 extension,JLIOJHVBOJMQIF-UHFFFAOYSA-N,place-fail,374.33348667209816,1.2262399502135788,/opt/xchem-fragalysis-2/kfieseler/A71EV2A_run5/molecule-set-A71_2A_ryan_merges_24/JLIOJHVBOJMQIF-UHFFFAOYSA-N-base-check/base-check/base-check.minimised.mol,False
13,CC(=O)Nc1c(CCS(=O)(=O)CC2CCCC2)cnnc1F,x0487 P2 extension,YNGHFNAFDPLNPO-UHFFFAOYSA-N,place-fail,133.67883065201545,1.5541252058367347,/opt/xchem-fragalysis-2/kfieseler/A71EV2A_run5/molecule-set-A71_2A_ryan_merges_24/YNGHFNAFDPLNPO-UHFFFAOYSA-N-base-check/base-check/base-check.minimised.mol,False
14,CC(=O)Nc1c(CCS(=O)(=O)CNC2CCCC2)cnnc1F,x0487 P2 extension,KJFMHANYSPMOLY-UHFFFAOYSA-N,place-fail,85.7472917547874,2.249049105681491,/opt/xchem-fragalysis-2/kfieseler/A71EV2A_run5/molecule-set-A71_2A_ryan_merges_24/KJFMHANYSPMOLY-UHFFFAOYSA-N-base-check/base-check/base-check.minimised.mol,False
15,CC(=O)Nc1c(C)cncc1CCS(=O)(=O)CNC1CCCC1,x0487 P2 extension,SPDPMZFAIDCEMQ-UHFFFAOYSA-N,place-fail,522.8349973513397,1.0059017005829605,/opt/xchem-fragalysis-2/kfieseler/A71EV2A_run5/molecule-set-A71_2A_ryan_merges_24/SPDPMZFAIDCEMQ-UHFFFAOYSA-N-base-check/base-check/base-check.minimised.mol,False
16,CC(=O)Nc1c(C(C)CS(=O)(=O)CNC2CCCC2)cnnc1F,x0487 P2 extension,ZZZRMRBVIAKRQS-UHFFFAOYSA-N,place-fail,790.7328460528138,2.548183401943651,/opt/xchem-fragalysis-2/kfieseler/A71EV2A_run5/molecule-set-A71_2A_ryan_merges_24/ZZZRMRBVIAKRQS-UHFFFAOYSA-N-base-check/base-check/base-check.minimised.mol,False
17,N#CCC(=O)Nc1c(F)cncc1CCS(N)(=O)=O,x0487 P2 extension,KNJJQPLIBGXAOK-UHFFFAOYSA-N,not-found,,,,False
18,N#CCC(=O)Nc1c(CCS(N)(=O)=O)cnnc1F,x0487 P2 extension,MAAPOHOMKSDLKT-UHFFFAOYSA-N,place-success,-27.923820282934344,1.2256617770850018,/opt/xchem-fragalysis-2/kfieseler/A71EV2A_run5/molecule-set-A71_2A_ryan_merges_24/MAAPOHOMKSDLKT-UHFFFAOYSA-N-base-check/base-check/base-check.minimised.mol,False
19,CC(CS(N)(=O)=O)c1cncc(F)c1NC(=O)CC#N,x0487 P2 extension,AKFVJEZWTIKHMN-UHFFFAOYSA-N,place-fail,9.951352542530117,1.3314286981097474,/opt/xchem-fragalysis-2/kfieseler/A71EV2A_run5/molecule-set-A71_2A_ryan_merges_24/AKFVJEZWTIKHMN-UHFFFAOYSA-N-base-check/base-check/base-check.minimised.mol,False
20,Cc1cncc(C(C)CS(N)(=O)=O)c1NC(=O)CC#N,x0487 P2 extension,QCEYPWDABLHUFH-UHFFFAOYSA-N,place-success,-65.79616491283167,1.3576542766721096,/opt/xchem-fragalysis-2/kfieseler/A71EV2A_run5/molecule-set-A71_2A_ryan_merges_24/QCEYPWDABLHUFH-UHFFFAOYSA-N-base-check/base-check/base-check.minimised.mol,False
21,CC(=O)Nc1c(CCS(=O)(=O)NCC2CCCC2)cnnc1F,x0487 P2 extension,IYOGHWZXFXYOQU-UHFFFAOYSA-N,place-fail,453.0595543552089,1.039106869333218,/opt/xchem-fragalysis-2/kfieseler/A71EV2A_run5/molecule-set-A71_2A_ryan_merges_24/IYOGHWZXFXYOQU-UHFFFAOYSA-N-base-check/base-check/base-check.minimised.mol,False
22,CC(=O)Nc1c(C)cncc1CCS(=O)(=O)NCC1CCCC1,x0487 P2 extension,YIKJHUKYLWWLRK-UHFFFAOYSA-N,place-success,-12.01371758592552,0.7216495048933265,/opt/xchem-fragalysis-2/kfieseler/A71EV2A_run5/molecule-set-A71_2A_ryan_merges_24/YIKJHUKYLWWLRK-UHFFFAOYSA-N-base-check/base-check/base-check.minimised.mol,True
23,CC(=O)Nc1c(C(C)CS(=O)(=O)NCC2CCCC2)cnnc1F,x0487 P2 extension,DWYTUPBMKQNMSK-UHFFFAOYSA-N,place-fail,-20.634579851386377,2.364047078388388,/opt/xchem-fragalysis-2/kfieseler/A71EV2A_run5/molecule-set-A71_2A_ryan_merges_24/DWYTUPBMKQNMSK-UHFFFAOYSA-N-base-check/base-check/base-check.minimised.mol,False
24,N#CCC(=O)Nc1ccc(C(N)=O)nc1,knitwork_june_2024,YOZGXEFFSUYIHZ-UHFFFAOYSA-N,place-success,-15.154802400724009,1.191251119773332,/opt/xchem-fragalysis-2/kfieseler/A71EV2A_run5/A71EV2A_Knitwork_June_42/YOZGXEFFSUYIHZ-UHFFFAOYSA-N-base-check/base-check/base-check.minimised.mol,True
25,CC(=O)Nc1ccc(NCc2ccc(F)cc2)nc1,knitwork_june_2024,PYJAQWOJPPUYGG-UHFFFAOYSA-N,place-fail,2.6577613697574236,1.5497176216401365,/opt/xchem-fragalysis-2/kfieseler/A71EV2A_run5/A71EV2A_Knitwork_June_42/PYJAQWOJPPUYGG-UHFFFAOYSA-N-base-check/base-check/base-check.minimised.mol,False
26,COc1cccc(CNc2ccc(NC(C)=O)cn2)c1,knitwork_june_2024,BRGVKEGCIHEPPP-UHFFFAOYSA-N,place-fail,3.9255389160781533,1.1668638957213302,/opt/xchem-fragalysis-2/kfieseler/A71EV2A_run5/A71EV2A_Knitwork_June_42/BRGVKEGCIHEPPP-UHFFFAOYSA-N-base-check/base-check/base-check.minimised.mol,True
27,CC(=O)Nc1ccc(NCc2ccc(C)cc2F)nc1,knitwork_june_2024,STENHMKKTIKNSL-UHFFFAOYSA-N,place-fail,4.302748298232871,0.8863262875180485,/opt/xchem-fragalysis-2/kfieseler/A71EV2A_run5/A71EV2A_Knitwork_June_42/STENHMKKTIKNSL-UHFFFAOYSA-N-base-check/base-check/base-check.minimised.mol,False
28,CC(=O)Nc1ccc(NCc2cccc(C(C)C)c2)nc1,knitwork_june_2024,YOLKTWJVPVNAFB-UHFFFAOYSA-N,place-fail,6.876818958687636,1.1031312217294487,/opt/xchem-fragalysis-2/kfieseler/A71EV2A_run5/A71EV2A_Knitwork_June_42/YOLKTWJVPVNAFB-UHFFFAOYSA-N-base-check/base-check/base-check.minimised.mol,False
29,Cn1nc(C2CCCOC2)cc1NC(=O)CC#N,knitwork_june_2024,FXRFYQFBDSCVNV-UHFFFAOYSA-N,place-success,-21.721523714592536,1.003394970232228,/opt/xchem-fragalysis-2/kfieseler/A71EV2A_run5/A71EV2A_Knitwork_June_42/FXRFYQFBDSCVNV-UHFFFAOYSA-N-base-check/base-check/base-check.minimised.mol,True
30,CC(=O)Nc1ccc(NCc2cc(F)ccc2C)nc1,knitwork_june_2024,CVEFMCDJOJXUIK-UHFFFAOYSA-N,place-success,-27.307050958499474,0.8668476129445833,/opt/xchem-fragalysis-2/kfieseler/A71EV2A_run5/A71EV2A_Knitwork_June_42/CVEFMCDJOJXUIK-UHFFFAOYSA-N-base-check/base-check/base-check.minimised.mol,False
31,CC(=O)Nc1ccc(NCc2ccccc2C2CC2)nc1,knitwork_june_2024,DJUIWIREQOAEAT-UHFFFAOYSA-N,place-success,-7.425846145911066,1.085896506422971,/opt/xchem-fragalysis-2/kfieseler/A71EV2A_run5/A71EV2A_Knitwork_June_42/DJUIWIREQOAEAT-UHFFFAOYSA-N-base-check/base-check/base-check.minimised.mol,False
32,CC(=O)Nc1ccc(NCc2c(C)cccc2F)nc1,knitwork_june_2024,VZJOPPZUDXGJLP-UHFFFAOYSA-N,place-success,-5.07255262294774,0.9588861773585946,/opt/xchem-fragalysis-2/kfieseler/A71EV2A_run5/A71EV2A_Knitwork_June_42/VZJOPPZUDXGJLP-UHFFFAOYSA-N-base-check/base-check/base-check.minimised.mol,False
33,Cn1ccc2ccc(NCc3ccccc3)cc21,knitwork_june_2024,UHNZJDZIMIGMKU-UHFFFAOYSA-N,place-success,-9.223018463903884,0.6280068352512999,/opt/xchem-fragalysis-2/kfieseler/A71EV2A_run5/A71EV2A_Knitwork_June_42/UHNZJDZIMIGMKU-UHFFFAOYSA-N-base-check/base-check/base-check.minimised.mol,True
34,Cc1ccc(CNc2ccc(N3CCNC(=O)C3)cn2)cc1C,knitwork_june_2024,AOLHRJZGGWAHNY-UHFFFAOYSA-N,place-success,-21.154106674038815,1.6688245501902725,/opt/xchem-fragalysis-2/kfieseler/A71EV2A_run5/A71EV2A_Knitwork_June_9_redone/AOLHRJZGGWAHNY-UHFFFAOYSA-N-base-check/base-check/base-check.minimised.mol,False
35,O=C1NCCC1C(=O)N1CCCC(NCc2ccccc2)C1,knitwork_june_2024,HOWRLYKLFLMWBY-UHFFFAOYSA-N,not-found,,,,True
36,O=C1NCCN1c1ccc(NCc2ccc(C(F)(F)F)cc2)cc1,knitwork_june_2024,ZGAPODHVEGIIKR-UHFFFAOYSA-N,not-found,,,,True
37,O=C1NCCN1c1ccc(NCc2cccc(F)c2)cc1,knitwork_june_2024,KKHICEOOLIHEJQ-UHFFFAOYSA-N,not-found,,,,True
38,CSc1cccc(CNc2ccc(N3CCNC(=O)C3)cn2)c1,knitwork_june_2024,AKBIFIUVGFTRED-UHFFFAOYSA-N,place-success,-15.088749713314883,1.5976119597982203,/opt/xchem-fragalysis-2/kfieseler/A71EV2A_run5/A71EV2A_Knitwork_June_9_redone/AKBIFIUVGFTRED-UHFFFAOYSA-N-base-check/base-check/base-check.minimised.mol,False
39,Cn1nc(C2CCOCC2)cc1C(=O)OCC1CNC(=O)C1,knitwork_june_2024,VGTICCPOHXQQKL-UHFFFAOYSA-N,place-success,-13.034048661224915,1.718292447129349,/opt/xchem-fragalysis-2/kfieseler/A71EV2A_run5/A71EV2A_Knitwork_June_9_redone/VGTICCPOHXQQKL-UHFFFAOYSA-N-base-check/base-check/base-check.minimised.mol,True
40,NCc1ccc(C(=O)Nc2c[nH]c3ccccc23)cc1,knitwork_june_2024,XTQDUNSPBPDCKJ-UHFFFAOYSA-N,place-success,-17.202920728152435,0.6272716682644492,/opt/xchem-fragalysis-2/kfieseler/A71EV2A_run5/A71EV2A_Knitwork_June_42/XTQDUNSPBPDCKJ-UHFFFAOYSA-N-base-check/base-check/base-check.minimised.mol,True
41,Cc1ncc(C(=O)N(C)C2CN(C3CCNC3=O)C2)s1,knitwork_june_2024,VLACOELDXIUEQB-UHFFFAOYSA-N,not-found,,,,True
42,CCC(C)CC(=O)Nc1ccc(C(=O)N(C)C)cc1,knitwork_june_2024,BOAMHCYETLQJMX-UHFFFAOYSA-N,not-found,,,,True
43,CN(C)C(=O)c1ccc(NC(=O)CC(C)(C)C(F)(F)F)c(F)c1,knitwork_june_2024,ILHKCRSAMLMADP-UHFFFAOYSA-N,place-fail,36.11438255179331,1.5076714488797274,/opt/xchem-fragalysis-2/kfieseler/A71EV2A_run5/A71EV2A_Knitwork_June_42/ILHKCRSAMLMADP-UHFFFAOYSA-N-base-check/base-check/base-check.minimised.mol,True
44,COc1cncc(CCC(=O)NC2CCNC2=O)c1,knitwork_june_2024,UMHURAQUKMFEOS-UHFFFAOYSA-N,not-found,,,,True
45,O=C(OCC1CCCNC1=O)c1ccncc1F,knitwork_june_2024,NKHJVGNWKQVXFO-UHFFFAOYSA-N,place-fail,127.88914555363154,1.0639813974155954,/opt/xchem-fragalysis-2/kfieseler/A71EV2A_run5/A71EV2A_Knitwork_June_42/NKHJVGNWKQVXFO-UHFFFAOYSA-N-base-check/base-check/base-check.minimised.mol,False
46,CN1CCC(c2nc(-c3ccncc3)no2)C1=O,knitwork_june_2024,XCTXQFYSMNRKHU-UHFFFAOYSA-N,place-fail,2.85127631615552,1.8982954358606792,/opt/xchem-fragalysis-2/kfieseler/A71EV2A_run5/A71EV2A_Knitwork_June_42/XCTXQFYSMNRKHU-UHFFFAOYSA-N-base-check/base-check/base-check.minimised.mol,False
47,CCC1CC(NC(=O)c2ccc(NC(=O)C(C)(C)C)nc2)C1,knitwork_june_2024,MEWGRUZWHVKYDS-UHFFFAOYSA-N,place-success,-14.264857220854879,1.3698810187440738,/opt/xchem-fragalysis-2/kfieseler/A71EV2A_run5/A71EV2A_Knitwork_June_42/MEWGRUZWHVKYDS-UHFFFAOYSA-N-base-check/base-check/base-check.minimised.mol,True
48,CCOC(=O)c1cc(NC(=O)CC#N)n(C)n1,knitwork_june_2024,AJVIKZPIPBHAKY-UHFFFAOYSA-N,place-success,-25.098183867171883,0.6116909695313241,/opt/xchem-fragalysis-2/kfieseler/A71EV2A_run5/A71EV2A_Knitwork_June_42/AJVIKZPIPBHAKY-UHFFFAOYSA-N-base-check/base-check/base-check.minimised.mol,True
49,CC(C)(C)C(=O)Nc1ccc(C(=O)NC2(C(F)F)CCC2)cn1,knitwork_june_2024,FLWASAJBVPBCFC-UHFFFAOYSA-N,place-fail,13.767057947353237,1.7162474131965637,/opt/xchem-fragalysis-2/kfieseler/A71EV2A_run5/A71EV2A_Knitwork_June_42/FLWASAJBVPBCFC-UHFFFAOYSA-N-base-check/base-check/base-check.minimised.mol,True
50,CCCC(=O)NC1CCN(C(=O)NC2CC(CC#N)C2)CC1,knitwork_june_2024,ADKGLDCQLGUTAN-UHFFFAOYSA-N,place-success,-164.2048735230237,1.7402779431882034,/opt/xchem-fragalysis-2/kfieseler/A71EV2A_run5/A71EV2A_Knitwork_June_42/ADKGLDCQLGUTAN-UHFFFAOYSA-N-base-check/base-check/base-check.minimised.mol,False
51,NC(=O)c1cc(NC(=O)C23CCC(CO2)C3)[nH]n1,knitwork_june_2024,IXJHDOWQFHNIPX-UHFFFAOYSA-N,place-fail,1.0731422713947723,1.9977036528474723,/opt/xchem-fragalysis-2/kfieseler/A71EV2A_run5/A71EV2A_Knitwork_June_42/IXJHDOWQFHNIPX-UHFFFAOYSA-N-base-check/base-check/base-check.minimised.mol,True
52,O=C(NC1CC(C(F)(F)F)C1)c1cc2ccsc2[nH]1,knitwork_june_2024,VKQJXGLAYUFNNG-UHFFFAOYSA-N,place-success,-8.325431380061843,1.8283300167802161,/opt/xchem-fragalysis-2/kfieseler/A71EV2A_run5/A71EV2A_Knitwork_June_42/VKQJXGLAYUFNNG-UHFFFAOYSA-N-base-check/base-check/base-check.minimised.mol,True
53,CC(C)(C)OC1CC(NC(=O)N2CCCC2CS(N)(=O)=O)C1,knitwork_june_2024,AJDWMOBETOFCCQ-UHFFFAOYSA-N,not-found,,,,False
54,N#CCC1CC(NC(=O)N2CCCC(CS(N)(=O)=O)C2)C1,knitwork_june_2024,PBKZXBCNWICEAZ-UHFFFAOYSA-N,not-found,,,,False
55,NS(=O)(=O)CC1CCCCN1C(=O)NC1(C(F)(F)F)CCC1,knitwork_june_2024,CDEQWWZMXKMRIT-UHFFFAOYSA-N,not-found,,,,False
56,Cn1cc(C(O)C(=O)Nc2cccc(NC(=O)CC#N)c2)cn1,knitwork_june_2024,FNVXGPBMKFGEAW-UHFFFAOYSA-N,not-found,,,,True
57,CC1(NC(=O)Nc2ccccc2CS(N)(=O)=O)CCC1,knitwork_june_2024,QCDPODCBNROZRQ-UHFFFAOYSA-N,place-success,-20.999047811077162,1.1410536357519072,/opt/xchem-fragalysis-2/kfieseler/A71EV2A_run5/A71EV2A_Knitwork_June_42/QCDPODCBNROZRQ-UHFFFAOYSA-N-base-check/base-check/base-check.minimised.mol,False
58,CC(=O)Nc1ccc(NCc2ccccc2F)cn1,knitwork_june_2024,YUOBBXFWNXVYIH-UHFFFAOYSA-N,place-success,-48.11414324766932,1.5835945977329244,/opt/xchem-fragalysis-2/kfieseler/A71EV2A_run5/A71EV2A_Knitwork_June_42/YUOBBXFWNXVYIH-UHFFFAOYSA-N-base-check/base-check/base-check.minimised.mol,False
59,CC(=O)N(C)c1ccc(NCc2cccc(C(C)C)c2)cn1,knitwork_june_2024,WYGQDRQQQRDYQK-UHFFFAOYSA-N,place-success,-6.602498715704428,1.12183348003152,/opt/xchem-fragalysis-2/kfieseler/A71EV2A_run5/A71EV2A_Knitwork_June_42/WYGQDRQQQRDYQK-UHFFFAOYSA-N-base-check/base-check/base-check.minimised.mol,True
60,CC(=O)Nc1ccc(NCc2ccccc2C)cn1,knitwork_june_2024,JOZAESUJELHHNF-UHFFFAOYSA-N,place-success,-27.492830158882384,1.3094885892720072,/opt/xchem-fragalysis-2/kfieseler/A71EV2A_run5/A71EV2A_Knitwork_June_42/JOZAESUJELHHNF-UHFFFAOYSA-N-base-check/base-check/base-check.minimised.mol,False
61,CC(=O)N(C)c1ccc(NCc2ccccc2C2CC2)cn1 ,knitwork_june_2024,HEZJZHLSMMYDJW-UHFFFAOYSA-N,place-fail,9.938360861357978,1.1320148767637452,/opt/xchem-fragalysis-2/kfieseler/A71EV2A_run5/A71EV2A_Knitwork_June_42/HEZJZHLSMMYDJW-UHFFFAOYSA-N-base-check/base-check/base-check.minimised.mol,False
62,Cc1ccc(C(=O)Nc2ccc(N3CCNC(=O)C3)nc2)cc1C ,knitwork_june_2024,XPPBWHFHQYXQOT-UHFFFAOYSA-N,place-fail,44.103493582436386,1.0603781402718762,/opt/xchem-fragalysis-2/kfieseler/A71EV2A_run5/A71EV2A_Knitwork_June_42/XPPBWHFHQYXQOT-UHFFFAOYSA-N-base-check/base-check/base-check.minimised.mol,True
63,O=C1CCCN1c1ccc(NCc2ccc(C(F)(F)F)cc2)nc1,knitwork_june_2024,AZMOINLCXHZGHV-UHFFFAOYSA-N,place-fail,21.12120124954629,1.0192096953620848,/opt/xchem-fragalysis-2/kfieseler/A71EV2A_run5/A71EV2A_Knitwork_June_42/AZMOINLCXHZGHV-UHFFFAOYSA-N-base-check/base-check/base-check.minimised.mol,False
64,O=C1CCCN1c1ccc(NCc2cccc(F)c2)nc1,knitwork_june_2024,LOFPJTBPHYUPTQ-UHFFFAOYSA-N,place-fail,7.344725475547193,1.5250812647233312,/opt/xchem-fragalysis-2/kfieseler/A71EV2A_run5/A71EV2A_Knitwork_June_42/LOFPJTBPHYUPTQ-UHFFFAOYSA-N-base-check/base-check/base-check.minimised.mol,False
65,CC(=O)Nc1ccc(C(=O)N(C)C)nc1,knitwork_june_2024,ARUJUKWSMBISDK-UHFFFAOYSA-N,not-found,,,,True
66,Cn1cc(NC(=O)CC#N)c(C(F)F)n1,exact_hits_aug_2024,YUEAFRHXWPAMFJ-UHFFFAOYSA-N,place-success,-29.1939668721011,0.3970030891554794,/opt/xchem-fragalysis-2/kfieseler/A71EV2A_run5/molecule-set-A71_EV_2A_exact_hits_3/YUEAFRHXWPAMFJ-UHFFFAOYSA-N-base-check/base-check/base-check.minimised.mol,True
67,Cc1nn(C)c(C)c1CC(=O)N[C@@H](CNC(=O)CCl)c1ccc2ccccc2c1 |a:12|,exact_hits_aug_2024,BKBFLODZEQEWBQ-FQEVSTJZSA-N,place-success,-41.161612408840256,0.1966259227092794,/opt/xchem-fragalysis-2/kfieseler/A71EV2A_run5/molecule-set-A71_EV_2A_exact_hits_3/BKBFLODZEQEWBQ-FQEVSTJZSA-N-base-check/base-check/base-check.minimised.mol,False
68,COc1cc(NC(=O)C[C@@H](C)C(F)(F)F)n(C)n1 |a:9|,exact_hits_aug_2024,NZVJBVJDSSUPIL-ZCFIWIBFSA-N,place-success,-25.019429292262657,0.2376142166322131,/opt/xchem-fragalysis-2/kfieseler/A71EV2A_run5/molecule-set-A71_EV_2A_exact_hits_3/NZVJBVJDSSUPIL-ZCFIWIBFSA-N-base-check/base-check/base-check.minimised.mol,False
69,CC(=O)Nc1cc(CC(=O)N[C@@H](CNC(=O)CCl)c2ccc3ccccc3c2)cnn1 |a:11|,x1346_manual_analogues_aug_2024,SIFNOWIDTARFBR-IBGZPJMESA-N,place-success,-33.002951984122944,0.45623624790773776,/opt/xchem-fragalysis-2/kfieseler/A71EV2A_run5/molecule-set-aug_2024_x1346_analogues_38/SIFNOWIDTARFBR-IBGZPJMESA-N-base-check/base-check/base-check.minimised.mol,False
70,CC(=O)Nc1c(CC(=O)N[C@@H](CNC(=O)CCl)c2ccc3ccccc3c2)c(C)nn1C |a:10|,x1346_manual_analogues_aug_2024,SXYLVBRZJXQQRT-FQEVSTJZSA-N,place-success,-49.589410620766216,0.19213931518429822,/opt/xchem-fragalysis-2/kfieseler/A71EV2A_run5/molecule-set-aug_2024_x1346_analogues_38/SXYLVBRZJXQQRT-FQEVSTJZSA-N-base-check/base-check/base-check.minimised.mol,False
71,CC(=O)Nc1cc(CC(=O)N[C@@H](CNC(=O)CCl)c2cccnc2)cnn1 |a:11|,x1346_manual_analogues_aug_2024,DTXWADQFBJPDFQ-AWEZNQCLSA-N,place-success,-25.479221205156023,0.4745841661058358,/opt/xchem-fragalysis-2/kfieseler/A71EV2A_run5/molecule-set-aug_2024_x1346_analogues_38/DTXWADQFBJPDFQ-AWEZNQCLSA-N-base-check/base-check/base-check.minimised.mol,False
72,CC(=O)Nc1c(CC(=O)N[C@@H](CNC(=O)CCl)c2cccnc2)c(C)nn1C |a:10|,x1346_manual_analogues_aug_2024,UTFHQGDFQLQWDL-HNNXBMFYSA-N,place-success,-54.01177316632095,0.2579755454596059,/opt/xchem-fragalysis-2/kfieseler/A71EV2A_run5/molecule-set-aug_2024_x1346_analogues_38/UTFHQGDFQLQWDL-HNNXBMFYSA-N-base-check/base-check/base-check.minimised.mol,False
73,CC(=O)Nc1cc(CC(=O)N[C@@H](CNC(=O)CN)c2ccc3ccccc3c2)cnn1 |a:11|,x1346_manual_analogues_aug_2024,PYVBZLQQVPICOH-IBGZPJMESA-N,place-success,-22.528948562239748,0.40837460294465644,/opt/xchem-fragalysis-2/kfieseler/A71EV2A_run5/molecule-set-aug_2024_x1346_analogues_38/PYVBZLQQVPICOH-IBGZPJMESA-N-base-check/base-check/base-check.minimised.mol,False
74,CC(=O)Nc1c(CC(=O)N[C@@H](CNC(=O)CN)c2ccc3ccccc3c2)c(C)nn1C |a:10|,x1346_manual_analogues_aug_2024,BEZTZAGGDXJGFO-FQEVSTJZSA-N,place-success,-29.46301335141493,0.3352381539203537,/opt/xchem-fragalysis-2/kfieseler/A71EV2A_run5/molecule-set-aug_2024_x1346_analogues_38/BEZTZAGGDXJGFO-FQEVSTJZSA-N-base-check/base-check/base-check.minimised.mol,False
75,Cc1nn(C)c(C)c1CC(=O)N[C@@H](CNC(=O)CN)c1ccc2ccccc2c1 |a:12|,x1346_manual_analogues_aug_2024,DQWUNIXDDNPLQU-FQEVSTJZSA-N,place-success,-48.414337859131024,0.21828385558643343,/opt/xchem-fragalysis-2/kfieseler/A71EV2A_run5/molecule-set-aug_2024_x1346_analogues_38/DQWUNIXDDNPLQU-FQEVSTJZSA-N-base-check/base-check/base-check.minimised.mol,False
76,CC(=O)Nc1cc(CC(=O)N[C@@H](CNC(=O)CN)c2cccnc2)cnn1 |a:11|,x1346_manual_analogues_aug_2024,PIQJRRJAGPEAMR-AWEZNQCLSA-N,place-success,-39.56360478180437,0.4885823935578288,/opt/xchem-fragalysis-2/kfieseler/A71EV2A_run5/molecule-set-aug_2024_x1346_analogues_38/PIQJRRJAGPEAMR-AWEZNQCLSA-N-base-check/base-check/base-check.minimised.mol,False
77,CC(=O)Nc1c(CC(=O)N[C@@H](CNC(=O)CN)c2cccnc2)c(C)nn1C |a:10|,x1346_manual_analogues_aug_2024,XIORHBOCOFRYFD-HNNXBMFYSA-N,place-success,-53.52265776026354,0.3051564088025495,/opt/xchem-fragalysis-2/kfieseler/A71EV2A_run5/molecule-set-aug_2024_x1346_analogues_38/XIORHBOCOFRYFD-HNNXBMFYSA-N-base-check/base-check/base-check.minimised.mol,False
78,CC(=O)Nc1cncc(CC(=O)N[C@@H](CNC(=O)CCl)c2ccc3ccccc3c2)c1 |a:13|,x1346_manual_analogues_aug_2024,OQOLMCJQPJBXLR-NRFANRHFSA-N,place-success,-41.523786114147185,0.8873234561827007,/opt/xchem-fragalysis-2/kfieseler/A71EV2A_run5/molecule-set-aug_2024_x1346_analogues_38/OQOLMCJQPJBXLR-NRFANRHFSA-N-base-check/base-check/base-check.minimised.mol,False
79,CC(=O)Nc1cncc(CC(=O)N[C@@H](CNC(=O)CCl)c2cccnc2)c1 |a:13|,x1346_manual_analogues_aug_2024,DFKGVRAMBBIYRO-INIZCTEOSA-N,place-success,-34.84314125778525,0.8833669611307347,/opt/xchem-fragalysis-2/kfieseler/A71EV2A_run5/molecule-set-aug_2024_x1346_analogues_38/DFKGVRAMBBIYRO-INIZCTEOSA-N-base-check/base-check/base-check.minimised.mol,False
80,CC(=O)Nc1cncc(CC(=O)N[C@@H](CNC(=O)CN)c2ccc3ccccc3c2)c1 |a:13|,x1346_manual_analogues_aug_2024,SRKRLPVCPSZUQN-NRFANRHFSA-N,place-success,-47.8520810730505,0.8876436157918278,/opt/xchem-fragalysis-2/kfieseler/A71EV2A_run5/molecule-set-aug_2024_x1346_analogues_38/SRKRLPVCPSZUQN-NRFANRHFSA-N-base-check/base-check/base-check.minimised.mol,False
81,CC(=O)Nc1cncc(CC(=O)N[C@@H](CNC(=O)CN)c2cccnc2)c1 |a:13|,x1346_manual_analogues_aug_2024,VNCZFLFCYKVYPW-INIZCTEOSA-N,place-success,-39.75945591215924,0.9953861881599435,/opt/xchem-fragalysis-2/kfieseler/A71EV2A_run5/molecule-set-aug_2024_x1346_analogues_38/VNCZFLFCYKVYPW-INIZCTEOSA-N-base-check/base-check/base-check.minimised.mol,False
82,CC(=O)Nc1cc(CC(=O)N[C@@H](CNC(=O)CCl)c2ccc3ccccc3c2)c(NC(C)=O)nn1 |a:11|,x1346_manual_analogues_aug_2024,UQJYZDUPODIDKG-FQEVSTJZSA-N,place-success,-49.365566708126266,0.4060793672758725,/opt/xchem-fragalysis-2/kfieseler/A71EV2A_run5/molecule-set-aug_2024_x1346_analogues_38/UQJYZDUPODIDKG-FQEVSTJZSA-N-base-check/base-check/base-check.minimised.mol,False
83,CC(=O)Nc1nn(C)c(NC(C)=O)c1CC(=O)N[C@@H](CNC(=O)CCl)c1ccc2ccccc2c1 |a:18|,x1346_manual_analogues_aug_2024,NABKQIYAVLWRCF-FQEVSTJZSA-N,place-success,-59.752551219962186,0.3051344430190364,/opt/xchem-fragalysis-2/kfieseler/A71EV2A_run5/molecule-set-aug_2024_x1346_analogues_38/NABKQIYAVLWRCF-FQEVSTJZSA-N-base-check/base-check/base-check.minimised.mol,False
84,CC(=O)Nc1cc(CC(=O)N[C@@H](CNC(=O)CCl)c2cccnc2)c(NC(C)=O)nn1 |a:11|,x1346_manual_analogues_aug_2024,RYBPMOJTEQMKKH-HNNXBMFYSA-N,place-success,-39.2528552393137,0.5092713945157268,/opt/xchem-fragalysis-2/kfieseler/A71EV2A_run5/molecule-set-aug_2024_x1346_analogues_38/RYBPMOJTEQMKKH-HNNXBMFYSA-N-base-check/base-check/base-check.minimised.mol,False
85,CC(=O)Nc1nn(C)c(NC(C)=O)c1CC(=O)N[C@@H](CNC(=O)CCl)c1cccnc1 |a:18|,x1346_manual_analogues_aug_2024,SGXOWRBLHZCNRN-HNNXBMFYSA-N,place-success,-55.91170463885919,0.2900812094417527,/opt/xchem-fragalysis-2/kfieseler/A71EV2A_run5/molecule-set-aug_2024_x1346_analogues_38/SGXOWRBLHZCNRN-HNNXBMFYSA-N-base-check/base-check/base-check.minimised.mol,False
86,CC(=O)Nc1cc(CC(=O)N[C@@H](CNC(=O)CN)c2ccc3ccccc3c2)c(NC(C)=O)nn1 |a:11|,x1346_manual_analogues_aug_2024,KPERIRNORGNZOK-FQEVSTJZSA-N,place-success,-44.27561271186704,0.8825386524424474,/opt/xchem-fragalysis-2/kfieseler/A71EV2A_run5/molecule-set-aug_2024_x1346_analogues_38/KPERIRNORGNZOK-FQEVSTJZSA-N-base-check/base-check/base-check.minimised.mol,False
87,CC(=O)Nc1cc(CC(=O)NCC(NC(=O)CCl)c2ccc3ccccc3c2)c(NC(C)=O)nn1,x1346_manual_analogues_aug_2024,JVZXHYPLNFZOGG-UHFFFAOYSA-N,place-fail,5.054083999566444,1.333230431610751,/opt/xchem-fragalysis-2/kfieseler/A71EV2A_run5/molecule-set-aug_2024_x1346_analogues_38/JVZXHYPLNFZOGG-UHFFFAOYSA-N-base-check/base-check/base-check.minimised.mol,False
88,CC(=O)Nc1nn(C)c(NC(C)=O)c1CC(=O)NCC(NC(=O)CCl)c1ccc2ccccc2c1,x1346_manual_analogues_aug_2024,TUCPZQSNPSFHQP-UHFFFAOYSA-N,place-fail,7.2100819997366585,2.414141615031507,/opt/xchem-fragalysis-2/kfieseler/A71EV2A_run5/molecule-set-aug_2024_x1346_analogues_38/TUCPZQSNPSFHQP-UHFFFAOYSA-N-base-check/base-check/base-check.minimised.mol,False
89,CC(=O)Nc1cc(CC(=O)NCC(NC(=O)CCl)c2cccnc2)c(NC(C)=O)nn1,x1346_manual_analogues_aug_2024,RHANAJVRLKPORR-UHFFFAOYSA-N,place-success,-27.873311486917316,0.9987647596755638,/opt/xchem-fragalysis-2/kfieseler/A71EV2A_run5/molecule-set-aug_2024_x1346_analogues_38/RHANAJVRLKPORR-UHFFFAOYSA-N-base-check/base-check/base-check.minimised.mol,False
90,CC(=O)Nc1nn(C)c(NC(C)=O)c1CC(=O)NCC(NC(=O)CCl)c1cccnc1,x1346_manual_analogues_aug_2024,YUFCPORBLIBJSD-UHFFFAOYSA-N,place-success,-33.16367014538025,0.9237293473886471,/opt/xchem-fragalysis-2/kfieseler/A71EV2A_run5/molecule-set-aug_2024_x1346_analogues_38/YUFCPORBLIBJSD-UHFFFAOYSA-N-base-check/base-check/base-check.minimised.mol,False
91,CC(=O)Nc1cc(CC(=O)NCC(NC(=O)CN)c2ccc3ccccc3c2)c(NC(C)=O)nn1,x1346_manual_analogues_aug_2024,SEDVFDWHZUODGN-UHFFFAOYSA-N,place-success,-7.05567135927231,1.6234012250191463,/opt/xchem-fragalysis-2/kfieseler/A71EV2A_run5/molecule-set-aug_2024_x1346_analogues_38/SEDVFDWHZUODGN-UHFFFAOYSA-N-base-check/base-check/base-check.minimised.mol,False
92,CC(=O)Nc1nn(C)c(NC(C)=O)c1CC(=O)N[C@@H](CNC(=O)CN)c1ccc2ccccc2c1 |a:18|,x1346_manual_analogues_aug_2024,LYOAGXGPRBSKRC-FQEVSTJZSA-N,place-success,-49.259660178351396,0.34837342590642667,/opt/xchem-fragalysis-2/kfieseler/A71EV2A_run5/molecule-set-aug_2024_x1346_analogues_38/LYOAGXGPRBSKRC-FQEVSTJZSA-N-base-check/base-check/base-check.minimised.mol,False
93,CC(=O)Nc1nn(C)c(NC(C)=O)c1CC(=O)NCC(NC(=O)CN)c1ccc2ccccc2c1,x1346_manual_analogues_aug_2024,MGJPRFDIQKWXDQ-UHFFFAOYSA-N,place-success,-31.0795804582429,0.9322398683355578,/opt/xchem-fragalysis-2/kfieseler/A71EV2A_run5/molecule-set-aug_2024_x1346_analogues_38/MGJPRFDIQKWXDQ-UHFFFAOYSA-N-base-check/base-check/base-check.minimised.mol,False
94,Cc1nn(C)c(C)c1CC(=O)NCC(NC(=O)CN)c1ccc2ccccc2c1,x1346_manual_analogues_aug_2024,SHLNSOIRGLGPSR-UHFFFAOYSA-N,place-success,-15.434418850717293,0.9821762488607612,/opt/xchem-fragalysis-2/kfieseler/A71EV2A_run5/molecule-set-aug_2024_x1346_analogues_38/SHLNSOIRGLGPSR-UHFFFAOYSA-N-base-check/base-check/base-check.minimised.mol,True
95,CC(=O)Nc1cc(CC(=O)N[C@@H](CNC(=O)CN)c2cccnc2)c(NC(C)=O)nn1 |a:11|,x1346_manual_analogues_aug_2024,LBUZQUWVYQOXCD-HNNXBMFYSA-N,place-success,-49.3072072995007,0.8462885095567447,/opt/xchem-fragalysis-2/kfieseler/A71EV2A_run5/molecule-set-aug_2024_x1346_analogues_38/LBUZQUWVYQOXCD-HNNXBMFYSA-N-base-check/base-check/base-check.minimised.mol,False
96,CC(=O)Nc1cc(CC(=O)NCC(NC(=O)CN)c2cccnc2)c(NC(C)=O)nn1,x1346_manual_analogues_aug_2024,MXPRYVLVNLFFPZ-UHFFFAOYSA-N,place-success,-38.35525326395896,1.0006137250643252,/opt/xchem-fragalysis-2/kfieseler/A71EV2A_run5/molecule-set-aug_2024_x1346_analogues_38/MXPRYVLVNLFFPZ-UHFFFAOYSA-N-base-check/base-check/base-check.minimised.mol,False
97,CC(=O)Nc1nn(C)c(NC(C)=O)c1CC(=O)N[C@@H](CNC(=O)CN)c1cccnc1 |a:18|,x1346_manual_analogues_aug_2024,XPYBVOSNGYRXIJ-HNNXBMFYSA-N,place-success,-73.20342579619677,0.4990932284619428,/opt/xchem-fragalysis-2/kfieseler/A71EV2A_run5/molecule-set-aug_2024_x1346_analogues_38/XPYBVOSNGYRXIJ-HNNXBMFYSA-N-base-check/base-check/base-check.minimised.mol,False
98,CC(=O)Nc1nn(C)c(NC(C)=O)c1CC(=O)NCC(NC(=O)CN)c1cccnc1,x1346_manual_analogues_aug_2024,OGEFHXQNNGIDQK-UHFFFAOYSA-N,place-success,-32.04706503081343,1.019131842194815,/opt/xchem-fragalysis-2/kfieseler/A71EV2A_run5/molecule-set-aug_2024_x1346_analogues_38/OGEFHXQNNGIDQK-UHFFFAOYSA-N-base-check/base-check/base-check.minimised.mol,False
99,CC(=O)Nc1cnc(NC(C)=O)c(CC(=O)N[C@@H](CNC(=O)CCl)c2ccc3ccccc3c2)c1 |a:17|,x1346_manual_analogues_aug_2024,VCDNITPVWFDANN-QFIPXVFZSA-N,place-success,-35.69152841078812,0.8573621999173715,/opt/xchem-fragalysis-2/kfieseler/A71EV2A_run5/molecule-set-aug_2024_x1346_analogues_38/VCDNITPVWFDANN-QFIPXVFZSA-N-base-check/base-check/base-check.minimised.mol,False
100,CC(=O)Nc1cnc(NC(C)=O)c(CC(=O)NCC(NC(=O)CCl)c2ccc3ccccc3c2)c1,x1346_manual_analogues_aug_2024,UXADFTGYSAHHGI-UHFFFAOYSA-N,place-fail,63.45519253717055,1.6665290155111345,/opt/xchem-fragalysis-2/kfieseler/A71EV2A_run5/molecule-set-aug_2024_x1346_analogues_38/UXADFTGYSAHHGI-UHFFFAOYSA-N-base-check/base-check/base-check.minimised.mol,False
101,CC(=O)Nc1cnc(NC(C)=O)c(CC(=O)N[C@@H](CNC(=O)CCl)c2cccnc2)c1 |a:17|,x1346_manual_analogues_aug_2024,CMGPOYUFCPYGSH-KRWDZBQOSA-N,place-success,-29.66225737584537,0.5265893144429165,/opt/xchem-fragalysis-2/kfieseler/A71EV2A_run5/molecule-set-aug_2024_x1346_analogues_38/CMGPOYUFCPYGSH-KRWDZBQOSA-N-base-check/base-check/base-check.minimised.mol,False
102,CC(=O)Nc1cnc(NC(C)=O)c(CC(=O)NCC(NC(=O)CCl)c2cccnc2)c1,x1346_manual_analogues_aug_2024,RSVKCRFNQMHJGM-UHFFFAOYSA-N,place-success,-24.534415915702198,1.1146529014645488,/opt/xchem-fragalysis-2/kfieseler/A71EV2A_run5/molecule-set-aug_2024_x1346_analogues_38/RSVKCRFNQMHJGM-UHFFFAOYSA-N-base-check/base-check/base-check.minimised.mol,False
103,CC(=O)Nc1cnc(NC(C)=O)c(CC(=O)N[C@@H](CNC(=O)CN)c2ccc3ccccc3c2)c1 |a:17|,x1346_manual_analogues_aug_2024,HEFIARXTVOECPK-QFIPXVFZSA-N,place-success,-34.22367330006813,1.0640667667390535,/opt/xchem-fragalysis-2/kfieseler/A71EV2A_run5/molecule-set-aug_2024_x1346_analogues_38/HEFIARXTVOECPK-QFIPXVFZSA-N-base-check/base-check/base-check.minimised.mol,False
104,CC(=O)Nc1cnc(NC(C)=O)c(CC(=O)NCC(NC(=O)CN)c2ccc3ccccc3c2)c1,x1346_manual_analogues_aug_2024,JOAABFJXAAZIHP-UHFFFAOYSA-N,place-fail,113.37306457134241,0.5212854451112815,/opt/xchem-fragalysis-2/kfieseler/A71EV2A_run5/molecule-set-aug_2024_x1346_analogues_38/JOAABFJXAAZIHP-UHFFFAOYSA-N-base-check/base-check/base-check.minimised.mol,False
105,CC(=O)Nc1cnc(NC(C)=O)c(CC(=O)N[C@@H](CNC(=O)CN)c2cccnc2)c1 |a:17|,x1346_manual_analogues_aug_2024,CBLWINMXWBVKNE-KRWDZBQOSA-N,place-success,-48.119424265607506,0.7565191904607618,/opt/xchem-fragalysis-2/kfieseler/A71EV2A_run5/molecule-set-aug_2024_x1346_analogues_38/CBLWINMXWBVKNE-KRWDZBQOSA-N-base-check/base-check/base-check.minimised.mol,False
106,CC(=O)Nc1cnc(NC(C)=O)c(CC(=O)NCC(NC(=O)CN)c2cccnc2)c1,x1346_manual_analogues_aug_2024,MKLPNWCIHVCMSV-UHFFFAOYSA-N,place-success,-44.14958324780997,1.2316630759811538,/opt/xchem-fragalysis-2/kfieseler/A71EV2A_run5/molecule-set-aug_2024_x1346_analogues_38/MKLPNWCIHVCMSV-UHFFFAOYSA-N-base-check/base-check/base-check.minimised.mol,False
107,COCC(=O)N1CCC[C@H](C(N)=O)C1 |a:9|,exact_hits_aug_2024,VINVRWFILPAKSR-ZETCQYMHSA-N,place-success,-32.63863416520985,0.2677520820307632,/opt/xchem-fragalysis-2/kfieseler/A71EV2A_run5/molecule-set-A71_EV_2A_Ax0926a_manual/VINVRWFILPAKSR-ZETCQYMHSA-N-base-check/base-check/base-check.minimised.mol,True
108,CCOc1ccc(C(=O)CC)cc1,covalent_analogues_aug_2024,XZJXCESWBMDSBO-UHFFFAOYSA-N,place-success,-14.951008018032326,0.36458187617929677,/opt/xchem-fragalysis-2/kfieseler/A71EV2A_run5/molecule-set-A71_EV_2A_covalent_and_noncovalents_16/XZJXCESWBMDSBO-UHFFFAOYSA-N-base-check/base-check/base-check.minimised.mol,True
109,CCC(=O)c1ccc(NC(C)=O)cc1,covalent_analogues_aug_2024,JGCDYYAXNUYBHB-UHFFFAOYSA-N,place-success,-10.81217325118422,0.4679013883546959,/opt/xchem-fragalysis-2/kfieseler/A71EV2A_run5/molecule-set-A71_EV_2A_covalent_and_noncovalents_16/JGCDYYAXNUYBHB-UHFFFAOYSA-N-base-check/base-check/base-check.minimised.mol,True
110,CCOc1ccc(C(=O)CCl)cc1,covalent_analogues_aug_2024,ZYLJLWLQPBRDLN-UHFFFAOYSA-N,place-success,-10.519338255841603,0.39756726130750536,/opt/xchem-fragalysis-2/kfieseler/A71EV2A_run5/molecule-set-A71_EV_2A_covalent_and_noncovalents_16/ZYLJLWLQPBRDLN-UHFFFAOYSA-N-base-check/base-check/base-check.minimised.mol,False
111,CC(=O)Nc1ccc(C(=O)CCl)cc1,covalent_analogues_aug_2024,VMMDOCYDNRLESP-UHFFFAOYSA-N,place-success,-12.254906271332459,0.4967669634005389,/opt/xchem-fragalysis-2/kfieseler/A71EV2A_run5/molecule-set-A71_EV_2A_covalent_and_noncovalents_16/VMMDOCYDNRLESP-UHFFFAOYSA-N-base-check/base-check/base-check.minimised.mol,True
112,CC(=O)N1CCc2cc(C(=O)CCl)ccc21,covalent_analogues_aug_2024,CBLHPICDDMRZIW-UHFFFAOYSA-N,place-success,-9.211307483402493,0.47616895556849675,/opt/xchem-fragalysis-2/kfieseler/A71EV2A_run5/molecule-set-A71_EV_2A_covalent_and_noncovalents_16/CBLHPICDDMRZIW-UHFFFAOYSA-N-base-check/base-check/base-check.minimised.mol,True
113,CCC(=O)c1ccc2c(c1)CCN2C(C)=O,covalent_analogues_aug_2024,HSHULNOIEDSBFV-UHFFFAOYSA-N,place-success,-10.367470503530171,0.4431007542117767,/opt/xchem-fragalysis-2/kfieseler/A71EV2A_run5/molecule-set-A71_EV_2A_covalent_and_noncovalents_16/HSHULNOIEDSBFV-UHFFFAOYSA-N-base-check/base-check/base-check.minimised.mol,True
114,CCC(=O)c1ccc2c(c1)NC(=O)CO2,covalent_analogues_aug_2024,SGXMEUBMGXFRJY-UHFFFAOYSA-N,place-success,-7.938859144837011,0.4479959668882469,/opt/xchem-fragalysis-2/kfieseler/A71EV2A_run5/molecule-set-A71_EV_2A_covalent_and_noncovalents_16/SGXMEUBMGXFRJY-UHFFFAOYSA-N-base-check/base-check/base-check.minimised.mol,False
115,O=C1COc2ccc(C(=O)CCl)cc2N1,covalent_analogues_aug_2024,MIAHXWVABDHISZ-UHFFFAOYSA-N,place-success,-14.99228685753053,0.47674779632224656,/opt/xchem-fragalysis-2/kfieseler/A71EV2A_run5/molecule-set-A71_EV_2A_covalent_and_noncovalents_16/MIAHXWVABDHISZ-UHFFFAOYSA-N-base-check/base-check/base-check.minimised.mol,False
116,CCOc1ccc(C(C)=O)cc1,covalent_analogues_aug_2024,YJFNFQHMQJCPRG-UHFFFAOYSA-N,place-success,-10.886582848443652,0.5074658308091953,/opt/xchem-fragalysis-2/kfieseler/A71EV2A_run5/molecule-set-A71_EV_2A_covalent_and_noncovalents_16/YJFNFQHMQJCPRG-UHFFFAOYSA-N-base-check/base-check/base-check.minimised.mol,True
117,CCOc1ccc(C=O)cc1,covalent_analogues_aug_2024,JRHHJNMASOIRDS-UHFFFAOYSA-N,place-success,-13.336342482123086,0.327720590844188,/opt/xchem-fragalysis-2/kfieseler/A71EV2A_run5/molecule-set-A71_EV_2A_covalent_and_noncovalents_16/JRHHJNMASOIRDS-UHFFFAOYSA-N-base-check/base-check/base-check.minimised.mol,True
118,CC(=O)Nc1ccc(C(C)=O)cc1,covalent_analogues_aug_2024,WECHHDJTILFYQT-UHFFFAOYSA-N,place-success,-8.872387835430175,0.5954652767697736,/opt/xchem-fragalysis-2/kfieseler/A71EV2A_run5/molecule-set-A71_EV_2A_covalent_and_noncovalents_16/WECHHDJTILFYQT-UHFFFAOYSA-N-base-check/base-check/base-check.minimised.mol,True
119,CC(=O)Nc1ccc(C=O)cc1,covalent_analogues_aug_2024,SKLUWKYNZNXSLX-UHFFFAOYSA-N,place-success,-7.099016810286798,0.4525928145789262,/opt/xchem-fragalysis-2/kfieseler/A71EV2A_run5/molecule-set-A71_EV_2A_covalent_and_noncovalents_16/SKLUWKYNZNXSLX-UHFFFAOYSA-N-base-check/base-check/base-check.minimised.mol,True
120,CC(=O)c1ccc2c(c1)CCN2C(C)=O,covalent_analogues_aug_2024,DDTZNSOMVMYKHA-UHFFFAOYSA-N,place-success,-14.065965130350207,0.8136057423561024,/opt/xchem-fragalysis-2/kfieseler/A71EV2A_run5/molecule-set-A71_EV_2A_covalent_and_noncovalents_16/DDTZNSOMVMYKHA-UHFFFAOYSA-N-base-check/base-check/base-check.minimised.mol,True
121,CC(=O)N1CCc2cc(C=O)ccc21,covalent_analogues_aug_2024,XFHXIXRTXWMWFG-UHFFFAOYSA-N,place-success,-17.45214151080563,0.5582511705921128,/opt/xchem-fragalysis-2/kfieseler/A71EV2A_run5/molecule-set-A71_EV_2A_covalent_and_noncovalents_16/XFHXIXRTXWMWFG-UHFFFAOYSA-N-base-check/base-check/base-check.minimised.mol,True
122,CC(=O)c1ccc2c(c1)NC(=O)CO2,covalent_analogues_aug_2024,BKJFWHFUERNXLJ-UHFFFAOYSA-N,place-success,-11.713565909955605,0.7951821822928065,/opt/xchem-fragalysis-2/kfieseler/A71EV2A_run5/molecule-set-A71_EV_2A_covalent_and_noncovalents_16/BKJFWHFUERNXLJ-UHFFFAOYSA-N-base-check/base-check/base-check.minimised.mol,False
123,O=Cc1ccc2c(c1)NC(=O)CO2,covalent_analogues_aug_2024,VHKABBARGFUYOF-UHFFFAOYSA-N,place-success,-10.869848213006492,0.36680778991228313,/opt/xchem-fragalysis-2/kfieseler/A71EV2A_run5/molecule-set-A71_EV_2A_covalent_and_noncovalents_16/VHKABBARGFUYOF-UHFFFAOYSA-N-base-check/base-check/base-check.minimised.mol,False
